{
    "intr0": {
        "fx": 1105.586181640625,
        "fy": 1105.586181640625,
        "dist": [
            0.0,
            0.0,
            0.0,
            0.0,
            0.0
        ],
        "ppx": 953.7775268554688,
        "ppy": 570.5885620117188,
        "w": 1920,
        "h": 1080
    },
    "intr1": {
        "fx": 1105.586181640625,
        "fy": 1105.586181640625,
        "dist": [
            0.0,
            0.0,
            0.0,
            0.0,
            0.0
        ],
        "ppx": 953.7775268554688,
        "ppy": 570.5885620117188,
        "w": 1920,
        "h": 1080
    },
    "extr0": {
        "rotation": [
            1.0,
            0.0,
            0.0,
            0.0,
            1.0,
            0.0,
            0.0,
            0.0,
            1.0
        ],
        "translation": [
            -0.11977117508649826,
            0.0,
            0.0
        ]
    },
    "extr1": {
        "rotation": [
            1.0,
            0.0,
            0.0,
            0.0,
            1.0,
            0.0,
            0.0,
            0.0,
            1.0
        ],
        "translation": [
            0.11977117508649826,
            0.0,
            0.0
        ]
    }
}